Ibge;Existe algum tipo de tratamento das águas pluviais - IE050;Data
110002;Não existe tratamento;31/12/2016
110003;;31/12/2015
110005;;31/12/2015
110007;Não existe tratamento;31/12/2015
110012;;31/12/2015
110018;"Reservatórios de qualidade; Decantação e/ou floculação; Desinfecção química";31/12/2015
110020;Não existe tratamento;31/12/2015
110034;Não existe tratamento;31/12/2015
110070;;31/12/2015
110100;Não existe tratamento;31/12/2015
110120;Não existe tratamento;31/12/2015
110140;Não existe tratamento;31/12/2015
110149;;31/12/2015
110160;;31/12/2015
110170;Não existe tratamento;31/12/2015
120010;;31/12/2015
120013;;31/12/2015
120030;Não existe tratamento;31/12/2015
120035;;31/12/2015
120039;Não existe tratamento;31/12/2015
120040;Reservatório de amortecimento;31/12/2015
120042;Não existe tratamento;31/12/2015
130014;Não existe tratamento;31/12/2015
130040;;31/12/2015
130070;Não existe tratamento;31/12/2015
130110;Não existe tratamento;31/12/2015
130150;Não existe tratamento;31/12/2015
130165;Reservatório de amortecimento;31/12/2015
130230;;31/12/2015
130240;;31/12/2015
130270;Não existe tratamento;31/12/2015
130300;Não existe tratamento;31/12/2015
130310;;31/12/2015
130370;;31/12/2015
140010;Não existe tratamento;31/12/2015
140015;;31/12/2015
140020;Não existe tratamento;31/12/2015
140047;Não existe tratamento;31/12/2015
150010;Não existe tratamento;31/12/2015
150034;Não existe tratamento;31/12/2015
150080;Não existe tratamento;31/12/2015
150095;Não existe tratamento;31/12/2015
150120;;31/12/2015
150130;Não existe tratamento;31/12/2015
150140;Não existe tratamento;31/12/2015
150150;;31/12/2015
150157;Reservatórios de qualidade;31/12/2015
150160;;31/12/2015
150172;Não existe tratamento;31/12/2015
150175;Não existe tratamento;31/12/2015
150180;Não existe tratamento;31/12/2015
150195;;31/12/2015
150210;Não existe tratamento;31/12/2015
150215;Não existe tratamento;31/12/2015
150240;Não existe tratamento;31/12/2015
150250;Não existe tratamento;31/12/2015
150270;Não existe tratamento;31/12/2015
150275;;31/12/2015
150276;Não existe tratamento;31/12/2015
150293;Não existe tratamento;31/12/2015
150420;;31/12/2015
150442;Não existe tratamento;31/12/2015
150445;;31/12/2015
150470;;31/12/2015
150506;Não existe tratamento;31/12/2015
150550;Não existe tratamento;31/12/2015
150553;Não existe tratamento;31/12/2015
150618;Não existe tratamento;31/12/2015
150619;;31/12/2015
150635;;31/12/2015
150680;Não existe tratamento;31/12/2015
150715;Não existe tratamento;31/12/2015
150730;;31/12/2015
150740;Não existe tratamento;31/12/2015
150760;;31/12/2015
150775;Não existe tratamento;31/12/2015
150796;;31/12/2015
150800;;31/12/2015
150803;Não existe tratamento;31/12/2015
150805;Não existe tratamento;31/12/2015
150812;Não existe tratamento;31/12/2015
150835;;31/12/2015
160015;Não existe tratamento;31/12/2015
160055;Não existe tratamento;31/12/2015
170040;Não existe tratamento;31/12/2015
170070;;31/12/2015
170100;Não existe tratamento;31/12/2015
170110;Não existe tratamento;31/12/2015
170190;Não existe tratamento;31/12/2015
170210;Não existe tratamento;31/12/2015
170240;Não existe tratamento;31/12/2015
170255;;31/12/2015
170300;Não existe tratamento;31/12/2015
170360;;31/12/2015
170410;Não existe tratamento;31/12/2015
170700;;31/12/2015
170720;Não existe tratamento;31/12/2015
170740;"Reservatórios de qualidade; Reservatório de amortecimento";31/12/2015
170930;Gradeamento e desarenação;31/12/2015
170950;;31/12/2015
171090;Não existe tratamento;31/12/2015
171110;;31/12/2015
171180;Outro;31/12/2015
171215;Não existe tratamento;31/12/2015
171270;Não existe tratamento;31/12/2015
171330;;31/12/2015
171420;;31/12/2015
171500;;31/12/2015
171650;Não existe tratamento;31/12/2015
171665;;31/12/2015
171750;Não existe tratamento;31/12/2015
171790;Não existe tratamento;31/12/2015
171845;;31/12/2015
171850;Não existe tratamento;31/12/2015
171884;;31/12/2015
171888;;31/12/2015
171890;Não existe tratamento;31/12/2015
172000;Não existe tratamento;31/12/2015
172015;;31/12/2015
172025;;31/12/2015
172085;;31/12/2015
172097;;31/12/2015
172100;Não existe tratamento;31/12/2015
172130;;31/12/2015
210010;Não existe tratamento;31/12/2015
210020;Não existe tratamento;31/12/2015
210043;;31/12/2015
210120;;31/12/2015
210135;Não existe tratamento;31/12/2015
210160;Não existe tratamento;31/12/2015
210170;;31/12/2015
210173;Não existe tratamento;31/12/2015
210177;;31/12/2015
210230;Não existe tratamento;31/12/2015
210232;Não existe tratamento;31/12/2015
210237;;31/12/2015
210270;Não existe tratamento;31/12/2015
210405;;31/12/2015
210550;;31/12/2015
210570;Não existe tratamento;31/12/2015
210580;;31/12/2015
210592;;31/12/2015
210663;Não existe tratamento;31/12/2015
210740;Não existe tratamento;31/12/2015
210780;Não existe tratamento;31/12/2015
210880;;31/12/2015
210905;Não existe tratamento;31/12/2015
210923;;31/12/2015
210940;Não existe tratamento;31/12/2015
210955;Não existe tratamento;31/12/2015
210970;Não existe tratamento;31/12/2015
211027;;31/12/2015
211040;;31/12/2015
211065;;31/12/2015
211107;;31/12/2015
211130;"Barragens; Gradeamento e desarenação; Decantação e/ou floculação; Desinfecção química";31/12/2015
211150;Não existe tratamento;31/12/2015
211153;Não existe tratamento;31/12/2015
211160;;31/12/2015
211178;;31/12/2015
211195;Não existe tratamento;31/12/2015
211220;Não existe tratamento;31/12/2015
211223;;31/12/2015
211260;;31/12/2015
211270;Não existe tratamento;31/12/2015
211280;;31/12/2015
220010;Não existe tratamento;31/12/2015
220027;;31/12/2015
220045;;31/12/2015
220090;Não existe tratamento;31/12/2015
220110;Não existe tratamento;31/12/2015
220120;Não existe tratamento;31/12/2015
220157;;31/12/2015
220160;;31/12/2015
220192;;31/12/2015
220194;Não existe tratamento;31/12/2015
220198;;31/12/2015
220202;Não existe tratamento;31/12/2015
220260;;31/12/2015
220265;;31/12/2015
220271;;31/12/2015
220273;;31/12/2015
220285;;31/12/2015
220330;Não existe tratamento;31/12/2015
220370;Não existe tratamento;31/12/2015
220400;;31/12/2015
220415;Não existe tratamento;31/12/2015
220420;Não existe tratamento;31/12/2015
220460;Não existe tratamento;31/12/2015
220470;Barragens;31/12/2015
220480;;31/12/2015
220500;Não existe tratamento;31/12/2015
220510;Não existe tratamento;31/12/2015
220535;Não existe tratamento;31/12/2015
220585;Não existe tratamento;31/12/2015
220595;Não existe tratamento;31/12/2015
220635;Não existe tratamento;31/12/2015
220650;;31/12/2015
220700;;31/12/2015
220710;Não existe tratamento;31/12/2015
220760;Não existe tratamento;31/12/2015
220830;Não existe tratamento;31/12/2015
220955;;31/12/2015
221030;Não existe tratamento;31/12/2015
221039;Não existe tratamento;31/12/2015
221040;Não existe tratamento;31/12/2015
221063;Não existe tratamento;31/12/2015
221080;Não existe tratamento;31/12/2015
221090;;31/12/2015
221097;Não existe tratamento;31/12/2015
221100;Não existe tratamento;31/12/2015
221160;Não existe tratamento;31/12/2015
230050;;31/12/2015
230090;Não existe tratamento;31/12/2015
230125;;31/12/2015
230130;Não existe tratamento;31/12/2015
230160;Não existe tratamento;31/12/2015
230170;Barragens;31/12/2015
230205;;31/12/2015
230220;"Reservatórios de qualidade; Desinfecção química";31/12/2015
230250;Não existe tratamento;31/12/2015
230300;Não existe tratamento;31/12/2015
230350;Não existe tratamento;31/12/2015
230380;Não existe tratamento;31/12/2015
230425;Não existe tratamento;31/12/2015
230435;Não existe tratamento;31/12/2015
230440;Não existe tratamento;31/12/2015
230450;;31/12/2015
230465;Não existe tratamento;31/12/2015
230470;;31/12/2015
230590;;31/12/2015
230600;;31/12/2015
230610;Não existe tratamento;31/12/2015
230620;Barragens;31/12/2015
230625;;31/12/2015
230640;Não existe tratamento;31/12/2015
230655;Não existe tratamento;31/12/2015
230690;;31/12/2015
230720;;31/12/2015
230763;;31/12/2015
230765;Barragens;31/12/2015
230770;;31/12/2015
230850;Não existe tratamento;31/12/2015
230910;;31/12/2015
230930;;31/12/2015
230970;;31/12/2015
230980;;31/12/2015
231000;Não existe tratamento;31/12/2015
231070;Não existe tratamento;31/12/2015
231085;Não existe tratamento;31/12/2015
231090;Não existe tratamento;31/12/2015
231110;Outro;31/12/2015
231120;Não existe tratamento;31/12/2015
231210;Não existe tratamento;31/12/2015
231240;Não existe tratamento;31/12/2015
231260;;31/12/2015
231290;Não existe tratamento;31/12/2015
231300;Não existe tratamento;31/12/2015
231325;Não existe tratamento;31/12/2015
231340;;31/12/2015
231375;;31/12/2015
231390;Não existe tratamento;31/12/2015
231400;;31/12/2015
231410;Não existe tratamento;31/12/2015
240040;;31/12/2015
240050;;31/12/2015
240090;Não existe tratamento;31/12/2015
240100;Não existe tratamento;31/12/2015
240110;Não existe tratamento;31/12/2015
240140;Não existe tratamento;31/12/2015
240325;"Reservatório de amortecimento; Gradeamento e desarenação; Decantação e/ou floculação";31/12/2015
240400;Não existe tratamento;31/12/2015
240410;;31/12/2015
240450;Não existe tratamento;31/12/2015
240480;Não existe tratamento;31/12/2015
240550;;31/12/2015
240560;;31/12/2015
240590;;31/12/2015
240600;;31/12/2015
240650;Não existe tratamento;31/12/2015
240670;;31/12/2015
240690;Outro;31/12/2015
240700;;31/12/2015
240710;Não existe tratamento;31/12/2015
240725;;31/12/2015
240730;;31/12/2015
240780;Não existe tratamento;31/12/2015
240800;Não existe tratamento;31/12/2015
240810;Reservatório de amortecimento;31/12/2015
240820;Não existe tratamento;31/12/2015
240850;Não existe tratamento;31/12/2015
240860;;31/12/2015
241020;;31/12/2015
241025;Não existe tratamento;31/12/2015
241030;;31/12/2015
241050;;31/12/2015
241080;;31/12/2015
241105;Não existe tratamento;31/12/2015
241120;Não existe tratamento;31/12/2015
241142;Não existe tratamento;31/12/2015
241150;;31/12/2015
241170;Não existe tratamento;31/12/2015
241190;;31/12/2015
241210;;31/12/2015
241320;;31/12/2015
241350;;31/12/2015
241355;;31/12/2015
241380;Não existe tratamento;31/12/2015
241410;"Reservatório de amortecimento; Desinfecção química";31/12/2015
241460;Não existe tratamento;31/12/2015
241470;Não existe tratamento;31/12/2015
241490;;31/12/2015
250040;;31/12/2015
250053;Não existe tratamento;31/12/2015
250070;Não existe tratamento;31/12/2015
250077;Não existe tratamento;31/12/2015
250100;Não existe tratamento;31/12/2015
250115;;31/12/2015
250130;Não existe tratamento;31/12/2015
250153;;31/12/2015
250170;Não existe tratamento;31/12/2015
250190;Não existe tratamento;31/12/2015
250200;;31/12/2015
250210;;31/12/2015
250215;;31/12/2015
250220;;31/12/2015
250230;"Reservatório de amortecimento; Gradeamento e desarenação";31/12/2015
250240;;31/12/2015
250250;Não existe tratamento;31/12/2015
250310;Não existe tratamento;31/12/2015
250320;Não existe tratamento;31/12/2015
250340;;31/12/2015
250355;Não existe tratamento;31/12/2015
250375;Não existe tratamento;31/12/2015
250390;Não existe tratamento;31/12/2015
250400;;31/12/2015
250410;;31/12/2015
250420;;31/12/2015
250430;;31/12/2015
250435;Não existe tratamento;31/12/2015
250440;;31/12/2015
250470;;31/12/2015
250490;;31/12/2015
250520;"Barragens; Reservatórios de qualidade";31/12/2015
250527;;31/12/2015
250535;;31/12/2015
250570;;31/12/2015
250590;;31/12/2015
250610;;31/12/2015
250630;Não existe tratamento;31/12/2015
250640;;31/12/2015
250650;Não existe tratamento;31/12/2015
250660;Não existe tratamento;31/12/2015
250670;;31/12/2015
250720;;31/12/2015
250740;;31/12/2015
250750;Não existe tratamento;31/12/2015
250760;;31/12/2015
250790;Não existe tratamento;31/12/2015
250800;Não existe tratamento;31/12/2015
250830;;31/12/2015
250840;Não existe tratamento;31/12/2015
250850;Reservatórios de qualidade;31/12/2015
250870;Não existe tratamento;31/12/2015
250880;Não existe tratamento;31/12/2015
250900;;31/12/2015
250905;;31/12/2015
250930;Não existe tratamento;31/12/2015
250937;;31/12/2015
250939;;31/12/2015
250940;;31/12/2015
250950;;31/12/2015
250970;Barragens;31/12/2015
250990;;31/12/2015
251010;Não existe tratamento;31/12/2015
251020;Não existe tratamento;31/12/2015
251080;;31/12/2015
251090;;31/12/2015
251100;Não existe tratamento;31/12/2015
251110;;31/12/2015
251120;;31/12/2015
251140;Não existe tratamento;31/12/2015
251160;;31/12/2015
251180;Não existe tratamento;31/12/2015
251203;;31/12/2015
251210;Não existe tratamento;31/12/2015
251260;;31/12/2015
251270;;31/12/2015
251272;;31/12/2015
251274;;31/12/2015
251278;;31/12/2015
251280;;31/12/2015
251310;;31/12/2015
251315;Não existe tratamento;31/12/2015
251320;Não existe tratamento;31/12/2015
251335;Não existe tratamento;31/12/2015
251340;;31/12/2015
251350;Decantação e/ou floculação;31/12/2015
251360;;31/12/2015
251390;;31/12/2015
251396;;31/12/2015
251398;Não existe tratamento;31/12/2015
251420;;31/12/2015
251445;;31/12/2015
251450;Não existe tratamento;31/12/2015
251460;Não existe tratamento;31/12/2015
251465;;31/12/2015
251470;;31/12/2015
251480;;31/12/2015
251490;Não existe tratamento;31/12/2015
251500;;31/12/2015
251520;;31/12/2015
251530;Não existe tratamento;31/12/2015
251560;;31/12/2015
251570;;31/12/2015
251580;;31/12/2015
251593;Não existe tratamento;31/12/2015
251630;Não existe tratamento;31/12/2015
251640;;31/12/2015
251660;;31/12/2015
251670;;31/12/2015
251675;;31/12/2015
251680;;31/12/2015
251690;;31/12/2015
251710;;31/12/2015
251720;;31/12/2015
260030;Não existe tratamento;31/12/2015
260110;Não existe tratamento;31/12/2015
260120;Não existe tratamento;31/12/2015
260170;Não existe tratamento;31/12/2015
260190;Não existe tratamento;31/12/2015
260250;;31/12/2015
260260;Não existe tratamento;31/12/2015
260320;Não existe tratamento;31/12/2015
260420;Outro;31/12/2015
260430;Não existe tratamento;31/12/2015
260450;;31/12/2015
260460;;31/12/2015
260480;Não existe tratamento;31/12/2015
260520;Não existe tratamento;31/12/2015
260530;;31/12/2015
260560;;31/12/2015
260570;;31/12/2015
260600;Não existe tratamento;31/12/2015
260620;Não existe tratamento;31/12/2015
260650;;31/12/2015
260680;Não existe tratamento;31/12/2015
260720;;31/12/2015
260770;"Barragens; Reservatórios de qualidade";31/12/2015
260790;Não existe tratamento;31/12/2015
260795;;31/12/2015
260840;Não existe tratamento;31/12/2015
260875;Não existe tratamento;31/12/2015
260880;Não existe tratamento;31/12/2015
260910;Não existe tratamento;31/12/2015
260915;Não existe tratamento;31/12/2015
260920;Não existe tratamento;31/12/2015
260970;;31/12/2015
260980;Não existe tratamento;31/12/2015
261020;;31/12/2015
261070;Não existe tratamento;31/12/2015
261110;;31/12/2015
261140;;31/12/2015
261160;Não existe tratamento;31/12/2015
261170;;31/12/2015
261200;Não existe tratamento;31/12/2015
261240;Não existe tratamento;31/12/2015
261245;;31/12/2015
261247;;31/12/2015
261270;;31/12/2015
261330;Não existe tratamento;31/12/2015
261360;;31/12/2015
261390;Não existe tratamento;31/12/2015
261400;Não existe tratamento;31/12/2015
261460;Não existe tratamento;31/12/2015
261480;;31/12/2015
261485;Não existe tratamento;31/12/2015
261500;;31/12/2015
261520;Não existe tratamento;31/12/2015
261530;Não existe tratamento;31/12/2015
261550;;31/12/2015
261570;;31/12/2015
270060;Não existe tratamento;31/12/2015
270070;Não existe tratamento;31/12/2015
270090;Não existe tratamento;31/12/2015
270140;Não existe tratamento;31/12/2015
270170;Não existe tratamento;31/12/2015
270230;Não existe tratamento;31/12/2015
270250;Não existe tratamento;31/12/2015
270330;Não existe tratamento;31/12/2015
270350;Não existe tratamento;31/12/2015
270375;;31/12/2015
270390;Não existe tratamento;31/12/2015
270430;Não existe tratamento;31/12/2015
270440;;31/12/2015
270490;Não existe tratamento;31/12/2015
270600;Barragens;31/12/2015
270630;;31/12/2015
270644;Não existe tratamento;31/12/2015
270720;;31/12/2015
270830;Não existe tratamento;31/12/2015
280030;Reservatório de amortecimento;31/12/2015
280067;Não existe tratamento;31/12/2015
280100;Não existe tratamento;31/12/2015
280200;Não existe tratamento;31/12/2015
280230;;31/12/2015
280280;Não existe tratamento;31/12/2015
280290;Não existe tratamento;31/12/2015
280390;;31/12/2015
280410;Não existe tratamento;31/12/2015
280450;;31/12/2015
280460;Não existe tratamento;31/12/2015
280500;Não existe tratamento;31/12/2015
280540;Não existe tratamento;31/12/2015
280610;;31/12/2015
280620;"Barragens; Reservatórios de qualidade; Reservatório de amortecimento; Decantação e/ou floculação; Desinfecção química";31/12/2015
280710;;31/12/2015
280760;;31/12/2015
290060;;31/12/2015
290100;Não existe tratamento;31/12/2015
290120;Não existe tratamento;31/12/2015
290130;Não existe tratamento;31/12/2015
290180;Não existe tratamento;31/12/2015
290205;Gradeamento e desarenação;31/12/2015
290260;;31/12/2015
290395;Não existe tratamento;31/12/2015
290400;Não existe tratamento;31/12/2015
290460;;31/12/2015
290560;;31/12/2015
290570;Não existe tratamento;31/12/2015
290660;Não existe tratamento;31/12/2015
290680;;31/12/2015
290682;Não existe tratamento;31/12/2015
290685;Não existe tratamento;31/12/2015
290700;;31/12/2015
290750;Não existe tratamento;31/12/2015
290760;Não existe tratamento;31/12/2015
290840;;31/12/2015
290850;;31/12/2015
290880;Barragens;31/12/2015
290900;Barragens;31/12/2015
290910;;31/12/2015
290940;Não existe tratamento;31/12/2015
290960;Não existe tratamento;31/12/2015
291005;;31/12/2015
291010;;31/12/2015
291030;;31/12/2015
291072;Não existe tratamento;31/12/2015
291080;Não existe tratamento;31/12/2015
291090;;31/12/2015
291120;Não existe tratamento;31/12/2015
291125;Não existe tratamento;31/12/2015
291130;;31/12/2015
291140;Não existe tratamento;31/12/2015
291150;Não existe tratamento;31/12/2015
291165;Não existe tratamento;31/12/2015
291170;Não existe tratamento;31/12/2015
291185;;31/12/2015
291250;;31/12/2015
291280;Não existe tratamento;31/12/2015
291320;Não existe tratamento;31/12/2015
291470;"Barragens; Outro";31/12/2015
291480;;31/12/2015
291535;Não existe tratamento;31/12/2015
291550;;31/12/2015
291580;"Barragens; Reservatórios de qualidade";31/12/2015
291660;Não existe tratamento;31/12/2015
291685;Não existe tratamento;31/12/2015
291690;;31/12/2015
291700;Não existe tratamento;31/12/2015
291735;Não existe tratamento;31/12/2015
291740;Não existe tratamento;31/12/2015
291760;;31/12/2015
291780;Não existe tratamento;31/12/2015
291840;Não existe tratamento;31/12/2015
291870;;31/12/2015
291930;Não existe tratamento;31/12/2015
291940;Barragens;31/12/2015
291960;;31/12/2015
291992;;31/12/2015
291995;;31/12/2015
292030;Não existe tratamento;31/12/2015
292060;;31/12/2015
292070;;31/12/2015
292090;Não existe tratamento;31/12/2015
292105;Não existe tratamento;31/12/2015
292180;;31/12/2015
292205;;31/12/2015
292275;;31/12/2015
292280;Não existe tratamento;31/12/2015
292390;;31/12/2015
292420;;31/12/2015
292430;Não existe tratamento;31/12/2015
292450;;31/12/2015
292465;;31/12/2015
292500;Não existe tratamento;31/12/2015
292530;Não existe tratamento;31/12/2015
292560;Não existe tratamento;31/12/2015
292570;;31/12/2015
292590;Não existe tratamento;31/12/2015
292600;;31/12/2015
292660;Não existe tratamento;31/12/2015
292690;;31/12/2015
292740;Não existe tratamento;31/12/2015
292770;Não existe tratamento;31/12/2015
292805;Não existe tratamento;31/12/2015
292840;Não existe tratamento;31/12/2015
292850;Não existe tratamento;31/12/2015
292880;;31/12/2015
292895;Não existe tratamento;31/12/2015
292935;Não existe tratamento;31/12/2015
292950;;31/12/2015
292970;Reservatórios de qualidade;31/12/2015
293000;Não existe tratamento;31/12/2015
293030;Não existe tratamento;31/12/2015
293040;Não existe tratamento;31/12/2015
293070;;31/12/2015
293077;Barragens;31/12/2015
293130;Não existe tratamento;31/12/2015
293135;Não existe tratamento;31/12/2015
293210;Não existe tratamento;31/12/2015
293250;Não existe tratamento;31/12/2015
293300;;31/12/2015
293310;Não existe tratamento;31/12/2015
293317;;31/12/2015
293330;Não existe tratamento;31/12/2015
293345;Não existe tratamento;31/12/2015
310010;Não existe tratamento;31/12/2015
310020;Não existe tratamento;31/12/2015
310030;;31/12/2015
310050;;31/12/2015
310060;Decantação e/ou floculação;31/12/2015
310070;Não existe tratamento;31/12/2015
310080;Não existe tratamento;31/12/2015
310110;Não existe tratamento;31/12/2015
310120;Não existe tratamento;31/12/2015
310140;Não existe tratamento;31/12/2015
310150;;31/12/2015
310170;Não existe tratamento;31/12/2015
310180;;31/12/2015
310190;Não existe tratamento;31/12/2015
310220;Não existe tratamento;31/12/2015
310240;Não existe tratamento;31/12/2015
310280;Não existe tratamento;31/12/2015
310320;Não existe tratamento;31/12/2015
310330;Não existe tratamento;31/12/2015
310340;Não existe tratamento;31/12/2015
310360;Não existe tratamento;31/12/2015
310370;;31/12/2015
310400;Não existe tratamento;31/12/2015
310410;;31/12/2015
310420;Não existe tratamento;31/12/2015
310440;;31/12/2015
310460;Não existe tratamento;31/12/2015
310490;;31/12/2015
310500;;31/12/2015
310520;Não existe tratamento;31/12/2015
310530;;31/12/2015
310540;Não existe tratamento;31/12/2015
310560;Não existe tratamento;31/12/2015
310590;Não existe tratamento;31/12/2015
310600;Não existe tratamento;31/12/2015
310620;Decantação e/ou floculação;31/12/2015
310630;Não existe tratamento;31/12/2015
310640;Não existe tratamento;31/12/2015
310670;Reservatório de amortecimento;31/12/2015
310690;Não existe tratamento;31/12/2015
310730;Não existe tratamento;31/12/2015
310740;Não existe tratamento;31/12/2015
310750;;31/12/2015
310770;;31/12/2015
310790;Não existe tratamento;31/12/2015
310800;Não existe tratamento;31/12/2015
310810;;31/12/2015
310820;Não existe tratamento;31/12/2015
310825;Não existe tratamento;31/12/2015
310840;;31/12/2015
310850;;31/12/2015
310855;;31/12/2015
310870;Não existe tratamento;31/12/2015
310890;;31/12/2015
310910;Não existe tratamento;31/12/2015
310940;Não existe tratamento;31/12/2015
310945;Não existe tratamento;31/12/2015
310960;Não existe tratamento;31/12/2015
310970;;31/12/2015
311000;;31/12/2015
311020;Não existe tratamento;31/12/2015
311050;Não existe tratamento;31/12/2015
311060;;31/12/2015
311090;;31/12/2015
311100;;31/12/2015
311110;Não existe tratamento;31/12/2015
311120;Não existe tratamento;31/12/2015
311140;;31/12/2015
311150;Não existe tratamento;31/12/2015
311170;;31/12/2015
311210;Não existe tratamento;31/12/2015
311230;;31/12/2015
311250;;31/12/2015
311265;;31/12/2015
311300;Não existe tratamento;31/12/2015
311330;Não existe tratamento;31/12/2015
311360;;31/12/2015
311380;Não existe tratamento;31/12/2015
311420;Barragens;31/12/2015
311460;Não existe tratamento;31/12/2015
311470;;31/12/2015
311480;Não existe tratamento;31/12/2015
311510;;31/12/2015
311520;Não existe tratamento;31/12/2015
311530;Não existe tratamento;31/12/2015
311535;Não existe tratamento;31/12/2015
311540;;31/12/2015
311550;;31/12/2015
311560;Não existe tratamento;31/12/2015
311600;Não existe tratamento;31/12/2015
311620;;31/12/2015
311630;;31/12/2015
311650;;31/12/2015
311660;Não existe tratamento;31/12/2015
311670;Não existe tratamento;31/12/2015
311690;;31/12/2015
311700;;31/12/2015
311710;Não existe tratamento;31/12/2015
311720;;31/12/2015
311730;Não existe tratamento;31/12/2015
311760;Não existe tratamento;31/12/2015
311770;;31/12/2015
311780;Não existe tratamento;31/12/2015
311783;Não existe tratamento;31/12/2015
311800;Desinfecção química;31/12/2015
311810;Não existe tratamento;31/12/2015
311820;Não existe tratamento;31/12/2015
311830;;31/12/2015
311850;Não existe tratamento;31/12/2015
311860;;31/12/2015
311870;Não existe tratamento;31/12/2015
311880;;31/12/2015
311900;;31/12/2015
311910;;31/12/2015
311930;;31/12/2015
311940;Não existe tratamento;31/12/2015
311970;;31/12/2015
311980;Não existe tratamento;31/12/2015
311995;Não existe tratamento;31/12/2015
312020;;31/12/2015
312050;;31/12/2015
312070;Não existe tratamento;31/12/2015
312080;Não existe tratamento;31/12/2015
312090;Não existe tratamento;31/12/2015
312110;Não existe tratamento;31/12/2015
312120;;31/12/2015
312125;Não existe tratamento;31/12/2015
312130;;31/12/2015
312150;Não existe tratamento;31/12/2015
312190;Não existe tratamento;31/12/2015
312200;Não existe tratamento;31/12/2015
312210;Não existe tratamento;31/12/2015
312220;;31/12/2015
312230;Não existe tratamento;31/12/2015
312235;;31/12/2015
312240;Não existe tratamento;31/12/2015
312260;Gradeamento e desarenação;31/12/2015
312270;Não existe tratamento;31/12/2015
312280;;31/12/2015
312290;Não existe tratamento;31/12/2015
312300;Não existe tratamento;31/12/2015
312320;Não existe tratamento;31/12/2015
312352;Não existe tratamento;31/12/2015
312360;Barragens;31/12/2015
312370;;31/12/2015
312380;Não existe tratamento;31/12/2015
312420;Não existe tratamento;31/12/2015
312470;;31/12/2015
312490;;31/12/2015
312510;;31/12/2015
312540;Não existe tratamento;31/12/2015
312580;Não existe tratamento;31/12/2015
312590;Não existe tratamento;31/12/2015
312600;Não existe tratamento;31/12/2015
312610;Não existe tratamento;31/12/2015
312630;;31/12/2015
312640;Não existe tratamento;31/12/2015
312650;Não existe tratamento;31/12/2015
312675;;31/12/2015
312710;;31/12/2015
312735;Não existe tratamento;31/12/2015
312738;Não existe tratamento;31/12/2015
312740;Não existe tratamento;31/12/2015
312750;Não existe tratamento;31/12/2015
312760;;31/12/2015
312770;Não existe tratamento;31/12/2015
312780;;31/12/2015
312800;Não existe tratamento;31/12/2015
312820;Não existe tratamento;31/12/2015
312830;;31/12/2015
312840;;31/12/2015
312860;Não existe tratamento;31/12/2015
312870;Não existe tratamento;31/12/2015
312880;Não existe tratamento;31/12/2015
312890;Não existe tratamento;31/12/2015
312910;Não existe tratamento;31/12/2015
312920;;31/12/2015
312930;;31/12/2015
312940;Não existe tratamento;31/12/2015
312960;Não existe tratamento;31/12/2015
312965;;31/12/2015
312970;Não existe tratamento;31/12/2015
312990;;31/12/2015
313010;Não existe tratamento;31/12/2015
313020;Não existe tratamento;31/12/2015
313030;Não existe tratamento;31/12/2015
313040;;31/12/2015
313050;;31/12/2015
313065;;31/12/2015
313110;;31/12/2015
313115;Não existe tratamento;31/12/2015
313150;Não existe tratamento;31/12/2015
313190;Não existe tratamento;31/12/2015
313200;Não existe tratamento;31/12/2015
313210;;31/12/2015
313220;Não existe tratamento;31/12/2015
313240;Não existe tratamento;31/12/2015
313260;Não existe tratamento;31/12/2015
313280;Não existe tratamento;31/12/2015
313290;Não existe tratamento;31/12/2015
313300;Não existe tratamento;31/12/2015
313310;;31/12/2015
313330;Não existe tratamento;31/12/2015
313350;;31/12/2015
313360;Não existe tratamento;31/12/2015
313370;Não existe tratamento;31/12/2015
313375;Não existe tratamento;31/12/2015
313400;;31/12/2015
313420;Não existe tratamento;31/12/2015
313430;;31/12/2015
313450;Não existe tratamento;31/12/2015
313460;Não existe tratamento;31/12/2015
313480;;31/12/2015
313500;Não existe tratamento;31/12/2015
313505;Não existe tratamento;31/12/2015
313510;Não existe tratamento;31/12/2015
313520;Não existe tratamento;31/12/2015
313530;Não existe tratamento;31/12/2015
313535;;31/12/2015
313540;Não existe tratamento;31/12/2015
313570;Não existe tratamento;31/12/2015
313580;Não existe tratamento;31/12/2015
313590;Não existe tratamento;31/12/2015
313620;Não existe tratamento;31/12/2015
313650;Não existe tratamento;31/12/2015
313652;Não existe tratamento;31/12/2015
313660;;31/12/2015
313670;Não existe tratamento;31/12/2015
313680;Não existe tratamento;31/12/2015
313690;;31/12/2015
313700;Não existe tratamento;31/12/2015
313720;;31/12/2015
313740;;31/12/2015
313750;Não existe tratamento;31/12/2015
313753;;31/12/2015
313770;Não existe tratamento;31/12/2015
313780;Não existe tratamento;31/12/2015
313820;Não existe tratamento;31/12/2015
313840;Não existe tratamento;31/12/2015
313850;;31/12/2015
313862;Não existe tratamento;31/12/2015
313870;Não existe tratamento;31/12/2015
313880;"Barragens; Reservatório de amortecimento";31/12/2015
313890;;31/12/2015
313900;;31/12/2015
313930;Não existe tratamento;31/12/2015
313960;Não existe tratamento;31/12/2015
313970;Não existe tratamento;31/12/2015
313980;Não existe tratamento;31/12/2015
313990;Não existe tratamento;31/12/2015
314000;Não existe tratamento;31/12/2015
314015;Não existe tratamento;31/12/2015
314020;Não existe tratamento;31/12/2015
314030;Não existe tratamento;31/12/2015
314040;Não existe tratamento;31/12/2015
314055;;31/12/2015
314060;Não existe tratamento;31/12/2015
314080;Não existe tratamento;31/12/2015
314110;Não existe tratamento;31/12/2015
314130;Não existe tratamento;31/12/2015
314170;;31/12/2015
314190;Não existe tratamento;31/12/2015
314220;Não existe tratamento;31/12/2015
314230;;31/12/2015
314270;Não existe tratamento;31/12/2015
314280;Não existe tratamento;31/12/2015
314310;Não existe tratamento;31/12/2015
314315;Não existe tratamento;31/12/2015
314330;Não existe tratamento;31/12/2015
314350;Não existe tratamento;31/12/2015
314360;;31/12/2015
314380;Não existe tratamento;31/12/2015
314390;Não existe tratamento;31/12/2015
314400;Não existe tratamento;31/12/2015
314410;Não existe tratamento;31/12/2015
314435;Não existe tratamento;31/12/2015
314440;;31/12/2015
314450;;31/12/2015
314460;Não existe tratamento;31/12/2015
314465;Não existe tratamento;31/12/2015
314467;Não existe tratamento;31/12/2015
314480;;31/12/2015
314490;Não existe tratamento;31/12/2015
314500;;31/12/2015
314535;Não existe tratamento;31/12/2015
314545;Não existe tratamento;31/12/2015
314550;Não existe tratamento;31/12/2015
314560;Barragens;31/12/2015
314580;;31/12/2015
314590;Gradeamento e desarenação;31/12/2015
314600;;31/12/2015
314610;Não existe tratamento;31/12/2015
314650;Não existe tratamento;31/12/2015
314655;;31/12/2015
314690;Não existe tratamento;31/12/2015
314700;Não existe tratamento;31/12/2015
314710;Não existe tratamento;31/12/2015
314730;Não existe tratamento;31/12/2015
314740;;31/12/2015
314760;Não existe tratamento;31/12/2015
314770;;31/12/2015
314790;Não existe tratamento;31/12/2015
314800;Não existe tratamento;31/12/2015
314810;;31/12/2015
314840;Não existe tratamento;31/12/2015
314860;Não existe tratamento;31/12/2015
314910;Não existe tratamento;31/12/2015
314930;"Barragens; Reservatórios de qualidade; Reservatório de amortecimento; Outro";31/12/2015
314960;Não existe tratamento;31/12/2015
314970;;31/12/2015
314995;Não existe tratamento;31/12/2015
315010;;31/12/2015
315030;;31/12/2015
315040;;31/12/2015
315050;Não existe tratamento;31/12/2015
315060;;31/12/2015
315070;Não existe tratamento;31/12/2015
315080;Não existe tratamento;31/12/2015
315090;;31/12/2015
315110;Não existe tratamento;31/12/2015
315120;;31/12/2015
315130;Não existe tratamento;31/12/2015
315140;;31/12/2015
315160;;31/12/2015
315170;Não existe tratamento;31/12/2015
315200;Não existe tratamento;31/12/2015
315210;Não existe tratamento;31/12/2015
315213;Não existe tratamento;31/12/2015
315220;;31/12/2015
315240;Não existe tratamento;31/12/2015
315270;;31/12/2015
315280;;31/12/2015
315290;Não existe tratamento;31/12/2015
315300;Não existe tratamento;31/12/2015
315310;;31/12/2015
315320;Não existe tratamento;31/12/2015
315330;;31/12/2015
315360;Não existe tratamento;31/12/2015
315370;;31/12/2015
315400;Não existe tratamento;31/12/2015
315420;;31/12/2015
315430;Não existe tratamento;31/12/2015
315480;Não existe tratamento;31/12/2015
315490;Não existe tratamento;31/12/2015
315500;;31/12/2015
315520;;31/12/2015
315530;Não existe tratamento;31/12/2015
315560;;31/12/2015
315570;Não existe tratamento;31/12/2015
315580;Não existe tratamento;31/12/2015
315610;Não existe tratamento;31/12/2015
315645;Não existe tratamento;31/12/2015
315650;;31/12/2015
315660;;31/12/2015
315670;Não existe tratamento;31/12/2015
315680;Não existe tratamento;31/12/2015
315690;;31/12/2015
315700;Não existe tratamento;31/12/2015
315720;Gradeamento e desarenação;31/12/2015
315733;;31/12/2015
315750;;31/12/2015
315760;;31/12/2015
315770;Não existe tratamento;31/12/2015
315800;Não existe tratamento;31/12/2015
315810;Não existe tratamento;31/12/2015
315890;;31/12/2015
315895;Não existe tratamento;31/12/2015
315900;;31/12/2015
315930;Não existe tratamento;31/12/2015
315950;Não existe tratamento;31/12/2015
315960;Não existe tratamento;31/12/2015
315980;;31/12/2015
316040;Não existe tratamento;31/12/2015
316050;;31/12/2015
316090;Não existe tratamento;31/12/2015
316100;;31/12/2015
316110;Não existe tratamento;31/12/2015
316120;Não existe tratamento;31/12/2015
316140;;31/12/2015
316150;;31/12/2015
316160;;31/12/2015
316170;;31/12/2015
316180;Não existe tratamento;31/12/2015
316190;Não existe tratamento;31/12/2015
316200;;31/12/2015
316210;Não existe tratamento;31/12/2015
316220;;31/12/2015
316225;Não existe tratamento;31/12/2015
316230;;31/12/2015
316260;;31/12/2015
316265;Não existe tratamento;31/12/2015
316292;Não existe tratamento;31/12/2015
316294;Não existe tratamento;31/12/2015
316295;Não existe tratamento;31/12/2015
316320;;31/12/2015
316330;Não existe tratamento;31/12/2015
316340;Não existe tratamento;31/12/2015
316350;Não existe tratamento;31/12/2015
316360;Não existe tratamento;31/12/2015
316370;Não existe tratamento;31/12/2015
316390;;31/12/2015
316410;Não existe tratamento;31/12/2015
316420;;31/12/2015
316430;Não existe tratamento;31/12/2015
316450;Não existe tratamento;31/12/2015
316470;;31/12/2015
316490;;31/12/2015
316500;;31/12/2015
316520;;31/12/2015
316530;;31/12/2015
316540;Não existe tratamento;31/12/2015
316553;;31/12/2015
316555;;31/12/2015
316570;Outro;31/12/2015
316600;;31/12/2015
316640;Não existe tratamento;31/12/2015
316660;;31/12/2015
316690;Não existe tratamento;31/12/2015
316710;Não existe tratamento;31/12/2015
316720;Não existe tratamento;31/12/2015
316780;Não existe tratamento;31/12/2015
316800;;31/12/2015
316805;Não existe tratamento;31/12/2015
316860;Barragens;31/12/2015
316870;;31/12/2015
316890;Não existe tratamento;31/12/2015
316900;Não existe tratamento;31/12/2015
316905;Não existe tratamento;31/12/2015
316930;Não existe tratamento;31/12/2015
316935;;31/12/2015
316980;;31/12/2015
316990;Não existe tratamento;31/12/2015
317005;Não existe tratamento;31/12/2015
317020;Não existe tratamento;31/12/2015
317030;;31/12/2015
317040;Não existe tratamento;31/12/2015
317043;Não existe tratamento;31/12/2015
317047;;31/12/2015
317052;Não existe tratamento;31/12/2015
317057;Não existe tratamento;31/12/2015
317070;Não existe tratamento;31/12/2015
317080;Não existe tratamento;31/12/2015
317090;Não existe tratamento;31/12/2015
317103;Não existe tratamento;31/12/2015
317115;;31/12/2015
317120;Não existe tratamento;31/12/2015
317140;Não existe tratamento;31/12/2015
317160;Não existe tratamento;31/12/2015
317180;Não existe tratamento;31/12/2015
317200;Não existe tratamento;31/12/2015
317210;Não existe tratamento;31/12/2015
317220;Não existe tratamento;31/12/2015
320010;;31/12/2015
320030;;31/12/2015
320060;Não existe tratamento;31/12/2015
320070;Não existe tratamento;31/12/2015
320080;Não existe tratamento;31/12/2015
320100;Não existe tratamento;31/12/2015
320110;Não existe tratamento;31/12/2015
320130;Não existe tratamento;31/12/2015
320140;;31/12/2015
320150;;31/12/2015
320160;Não existe tratamento;31/12/2015
320180;Não existe tratamento;31/12/2015
320190;Não existe tratamento;31/12/2015
320200;;31/12/2015
320225;Não existe tratamento;31/12/2015
320230;Não existe tratamento;31/12/2015
320240;;31/12/2015
320250;Não existe tratamento;31/12/2015
320255;Não existe tratamento;31/12/2015
320260;Não existe tratamento;31/12/2015
320265;Não existe tratamento;31/12/2015
320270;Não existe tratamento;31/12/2015
320280;Não existe tratamento;31/12/2015
320313;;31/12/2015
320316;Não existe tratamento;31/12/2015
320320;;31/12/2015
320330;Não existe tratamento;31/12/2015
320335;;31/12/2015
320350;Não existe tratamento;31/12/2015
320360;Não existe tratamento;31/12/2015
320380;Não existe tratamento;31/12/2015
320390;Não existe tratamento;31/12/2015
320425;Não existe tratamento;31/12/2015
320430;Não existe tratamento;31/12/2015
320440;;31/12/2015
320450;Não existe tratamento;31/12/2015
320480;Não existe tratamento;31/12/2015
320490;Não existe tratamento;31/12/2015
320500;Não existe tratamento;31/12/2015
320503;;31/12/2015
320510;Não existe tratamento;31/12/2015
320517;;31/12/2015
320530;Gradeamento e desarenação;31/12/2015
330020;;31/12/2015
330090;Não existe tratamento;31/12/2015
330110;Não existe tratamento;31/12/2015
330120;Não existe tratamento;31/12/2015
330130;Não existe tratamento;31/12/2015
330170;;31/12/2015
330180;;31/12/2015
330185;;31/12/2015
330187;Não existe tratamento;31/12/2015
330190;;31/12/2015
330227;Não existe tratamento;31/12/2015
330230;;31/12/2015
330240;Não existe tratamento;31/12/2015
330270;Não existe tratamento;31/12/2015
330280;Não existe tratamento;31/12/2015
330290;;31/12/2015
330340;;31/12/2015
330350;Não existe tratamento;31/12/2015
330385;;31/12/2015
330411;;31/12/2015
330412;Barragens;31/12/2015
330440;Não existe tratamento;31/12/2015
330452;"Reservatório de amortecimento; Gradeamento e desarenação; Decantação e/ou floculação";31/12/2015
330455;Não existe tratamento;31/12/2015
330460;Não existe tratamento;31/12/2015
330470;Não existe tratamento;31/12/2015
330480;;31/12/2015
330513;;31/12/2015
330520;Outro;31/12/2015
330575;Não existe tratamento;31/12/2015
330580;;31/12/2015
330610;;31/12/2015
330620;Não existe tratamento;31/12/2015
350010;Não existe tratamento;31/12/2015
350020;Não existe tratamento;31/12/2015
350030;Não existe tratamento;31/12/2015
350040;Não existe tratamento;31/12/2015
350100;;31/12/2015
350115;Não existe tratamento;31/12/2015
350140;Não existe tratamento;31/12/2015
350150;Não existe tratamento;31/12/2015
350160;Não existe tratamento;31/12/2015
350170;;31/12/2015
350180;Não existe tratamento;31/12/2015
350200;Não existe tratamento;31/12/2015
350230;;31/12/2015
350250;Não existe tratamento;31/12/2015
350280;Não existe tratamento;31/12/2015
350330;;31/12/2015
350335;Não existe tratamento;31/12/2015
350340;Não existe tratamento;31/12/2015
350380;Não existe tratamento;31/12/2015
350390;Não existe tratamento;31/12/2015
350395;Não existe tratamento;31/12/2015
350400;;31/12/2015
350410;Não existe tratamento;31/12/2015
350420;;31/12/2015
350450;Não existe tratamento;31/12/2015
350460;Não existe tratamento;31/12/2015
350470;;31/12/2015
350480;;31/12/2015
350500;;31/12/2015
350510;;31/12/2015
350520;Não existe tratamento;31/12/2015
350550;Não existe tratamento;31/12/2015
350560;;31/12/2015
350570;;31/12/2015
350580;;31/12/2015
350600;"Barragens; Reservatório de amortecimento";31/12/2015
350610;Não existe tratamento;31/12/2015
350635;Não existe tratamento;31/12/2015
350640;;31/12/2015
350650;;31/12/2015
350690;Não existe tratamento;31/12/2015
350700;;31/12/2015
350720;Não existe tratamento;31/12/2015
350730;;31/12/2015
350740;Não existe tratamento;31/12/2015
350750;Não existe tratamento;31/12/2015
350760;Não existe tratamento;31/12/2015
350775;;31/12/2015
350780;Não existe tratamento;31/12/2015
350790;"Barragens; Reservatórios de qualidade; Reservatório de amortecimento";31/12/2015
350800;Não existe tratamento;31/12/2015
350830;;31/12/2015
350840;;31/12/2015
350850;Não existe tratamento;31/12/2015
350860;Não existe tratamento;31/12/2015
350870;Não existe tratamento;31/12/2015
350900;;31/12/2015
350910;;31/12/2015
350920;;31/12/2015
350925;Não existe tratamento;31/12/2015
350940;Não existe tratamento;31/12/2015
350950;Não existe tratamento;31/12/2015
350960;Não existe tratamento;31/12/2015
350970;Não existe tratamento;31/12/2015
350980;;31/12/2015
350990;Não existe tratamento;31/12/2015
350995;Não existe tratamento;31/12/2015
351000;Não existe tratamento;31/12/2015
351010;;31/12/2015
351020;;31/12/2015
351050;Não existe tratamento;31/12/2015
351080;Não existe tratamento;31/12/2015
351090;Não existe tratamento;31/12/2015
351100;Não existe tratamento;31/12/2015
351110;Não existe tratamento;31/12/2015
351120;Não existe tratamento;31/12/2015
351150;Não existe tratamento;31/12/2015
351160;Não existe tratamento;31/12/2015
351190;;31/12/2015
351200;Não existe tratamento;31/12/2015
351220;Não existe tratamento;31/12/2015
351230;Não existe tratamento;31/12/2015
351240;;31/12/2015
351260;;31/12/2015
351270;Não existe tratamento;31/12/2015
351290;;31/12/2015
351300;Não existe tratamento;31/12/2015
351310;Não existe tratamento;31/12/2015
351320;;31/12/2015
351350;Não existe tratamento;31/12/2015
351360;;31/12/2015
351370;Não existe tratamento;31/12/2015
351380;Reservatório de amortecimento;31/12/2015
351400;;31/12/2015
351410;;31/12/2015
351440;;31/12/2015
351450;Não existe tratamento;31/12/2015
351460;;31/12/2015
351490;Não existe tratamento;31/12/2015
351492;Não existe tratamento;31/12/2015
351495;;31/12/2015
351500;Não existe tratamento;31/12/2015
351510;Não existe tratamento;31/12/2015
351515;;31/12/2015
351518;Não existe tratamento;31/12/2015
351519;Não existe tratamento;31/12/2015
351520;;31/12/2015
351535;Não existe tratamento;31/12/2015
351550;Não existe tratamento;31/12/2015
351565;Não existe tratamento;31/12/2015
351600;;31/12/2015
351610;;31/12/2015
351620;;31/12/2015
351630;Não existe tratamento;31/12/2015
351640;Não existe tratamento;31/12/2015
351650;Não existe tratamento;31/12/2015
351670;;31/12/2015
351685;;31/12/2015
351700;Não existe tratamento;31/12/2015
351720;;31/12/2015
351750;Não existe tratamento;31/12/2015
351760;;31/12/2015
351800;;31/12/2015
351810;"Reservatórios de qualidade; Reservatório de amortecimento; Gradeamento e desarenação; Decantação e/ou floculação";31/12/2015
351820;Não existe tratamento;31/12/2015
351830;Não existe tratamento;31/12/2015
351840;Não existe tratamento;31/12/2015
351850;;31/12/2015
351860;Não existe tratamento;31/12/2015
351870;Não existe tratamento;31/12/2015
351880;Não existe tratamento;31/12/2015
351885;;31/12/2015
351890;;31/12/2015
351900;;31/12/2015
351907;Não existe tratamento;31/12/2015
351910;;31/12/2015
351920;;31/12/2015
351925;Não existe tratamento;31/12/2015
351940;;31/12/2015
351950;Não existe tratamento;31/12/2015
351980;;31/12/2015
352020;Não existe tratamento;31/12/2015
352044;Não existe tratamento;31/12/2015
352050;Reservatório de amortecimento;31/12/2015
352070;;31/12/2015
352080;;31/12/2015
352090;Não existe tratamento;31/12/2015
352100;;31/12/2015
352110;Não existe tratamento;31/12/2015
352130;Não existe tratamento;31/12/2015
352160;;31/12/2015
352170;Não existe tratamento;31/12/2015
352180;Não existe tratamento;31/12/2015
352190;;31/12/2015
352210;Não existe tratamento;31/12/2015
352215;;31/12/2015
352220;Não existe tratamento;31/12/2015
352230;Não existe tratamento;31/12/2015
352240;Não existe tratamento;31/12/2015
352250;Não existe tratamento;31/12/2015
352260;Não existe tratamento;31/12/2015
352290;;31/12/2015
352310;Não existe tratamento;31/12/2015
352330;;31/12/2015
352350;Não existe tratamento;31/12/2015
352360;;31/12/2015
352390;Reservatório de amortecimento;31/12/2015
352400;Não existe tratamento;31/12/2015
352420;Não existe tratamento;31/12/2015
352450;Não existe tratamento;31/12/2015
352460;;31/12/2015
352470;Reservatório de amortecimento;31/12/2015
352500;Não existe tratamento;31/12/2015
352510;;31/12/2015
352530;;31/12/2015
352540;Outro;31/12/2015
352585;;31/12/2015
352600;;31/12/2015
352650;Não existe tratamento;31/12/2015
352680;Reservatório de amortecimento;31/12/2015
352690;Não existe tratamento;31/12/2015
352710;;31/12/2015
352725;;31/12/2015
352730;Não existe tratamento;31/12/2015
352740;;31/12/2015
352750;Não existe tratamento;31/12/2015
352760;Não existe tratamento;31/12/2015
352770;Não existe tratamento;31/12/2015
352780;;31/12/2015
352790;Não existe tratamento;31/12/2015
352800;Não existe tratamento;31/12/2015
352810;Não existe tratamento;31/12/2015
352820;;31/12/2015
352860;Não existe tratamento;31/12/2015
352870;Não existe tratamento;31/12/2015
352900;Barragens;31/12/2015
352910;;31/12/2015
352920;;31/12/2015
352930;"Barragens; Reservatório de amortecimento";31/12/2015
352950;Não existe tratamento;31/12/2015
352960;Não existe tratamento;31/12/2015
352980;Não existe tratamento;31/12/2015
353000;;31/12/2015
353010;;31/12/2015
353020;;31/12/2015
353060;;31/12/2015
353070;Não existe tratamento;31/12/2015
353090;Não existe tratamento;31/12/2015
353120;Não existe tratamento;31/12/2015
353130;Não existe tratamento;31/12/2015
353150;Não existe tratamento;31/12/2015
353160;;31/12/2015
353180;;31/12/2015
353190;Não existe tratamento;31/12/2015
353200;Não existe tratamento;31/12/2015
353205;;31/12/2015
353215;;31/12/2015
353220;Não existe tratamento;31/12/2015
353250;;31/12/2015
353260;;31/12/2015
353280;Não existe tratamento;31/12/2015
353282;Reservatório de amortecimento;31/12/2015
353290;Não existe tratamento;31/12/2015
353300;Não existe tratamento;31/12/2015
353320;Não existe tratamento;31/12/2015
353330;Não existe tratamento;31/12/2015
353340;;31/12/2015
353350;Reservatório de amortecimento;31/12/2015
353370;Não existe tratamento;31/12/2015
353390;;31/12/2015
353420;;31/12/2015
353430;;31/12/2015
353440;Não existe tratamento;31/12/2015
353460;Não existe tratamento;31/12/2015
353480;;31/12/2015
353490;Não existe tratamento;31/12/2015
353500;;31/12/2015
353530;Reservatório de amortecimento;31/12/2015
353540;;31/12/2015
353560;Não existe tratamento;31/12/2015
353580;Barragens;31/12/2015
353590;Não existe tratamento;31/12/2015
353600;Não existe tratamento;31/12/2015
353610;;31/12/2015
353620;;31/12/2015
353625;;31/12/2015
353630;Não existe tratamento;31/12/2015
353640;Não existe tratamento;31/12/2015
353657;Não existe tratamento;31/12/2015
353670;;31/12/2015
353710;Não existe tratamento;31/12/2015
353715;Não existe tratamento;31/12/2015
353760;Não existe tratamento;31/12/2015
353770;Não existe tratamento;31/12/2015
353780;;31/12/2015
353790;Reservatório de amortecimento;31/12/2015
353800;Não existe tratamento;31/12/2015
353850;Não existe tratamento;31/12/2015
353860;Não existe tratamento;31/12/2015
353870;Não existe tratamento;31/12/2015
353880;Não existe tratamento;31/12/2015
353890;Não existe tratamento;31/12/2015
353920;Não existe tratamento;31/12/2015
353930;Não existe tratamento;31/12/2015
353950;Não existe tratamento;31/12/2015
353970;Não existe tratamento;31/12/2015
353980;Decantação e/ou floculação;31/12/2015
354010;Não existe tratamento;31/12/2015
354020;Não existe tratamento;31/12/2015
354040;;31/12/2015
354050;Não existe tratamento;31/12/2015
354070;Não existe tratamento;31/12/2015
354090;Não existe tratamento;31/12/2015
354110;Não existe tratamento;31/12/2015
354140;Não existe tratamento;31/12/2015
354150;Não existe tratamento;31/12/2015
354165;Não existe tratamento;31/12/2015
354190;Não existe tratamento;31/12/2015
354200;;31/12/2015
354240;;31/12/2015
354250;Não existe tratamento;31/12/2015
354260;Não existe tratamento;31/12/2015
354290;Não existe tratamento;31/12/2015
354310;Não existe tratamento;31/12/2015
354320;;31/12/2015
354325;Não existe tratamento;31/12/2015
354330;Não existe tratamento;31/12/2015
354340;Não existe tratamento;31/12/2015
354350;;31/12/2015
354360;Não existe tratamento;31/12/2015
354370;Não existe tratamento;31/12/2015
354380;;31/12/2015
354390;Não existe tratamento;31/12/2015
354400;Não existe tratamento;31/12/2015
354410;Não existe tratamento;31/12/2015
354420;Não existe tratamento;31/12/2015
354425;;31/12/2015
354430;;31/12/2015
354450;Não existe tratamento;31/12/2015
354460;;31/12/2015
354515;Não existe tratamento;31/12/2015
354540;;31/12/2015
354560;Reservatórios de qualidade;31/12/2015
354580;"Barragens; Reservatórios de qualidade; Reservatório de amortecimento; Decantação e/ou floculação";31/12/2015
354600;;31/12/2015
354610;"Gradeamento e desarenação; Decantação e/ou floculação";31/12/2015
354620;Não existe tratamento;31/12/2015
354625;Não existe tratamento;31/12/2015
354630;Não existe tratamento;31/12/2015
354640;Não existe tratamento;31/12/2015
354650;;31/12/2015
354660;;31/12/2015
354670;Não existe tratamento;31/12/2015
354680;Não existe tratamento;31/12/2015
354710;;31/12/2015
354720;;31/12/2015
354730;Não existe tratamento;31/12/2015
354740;Não existe tratamento;31/12/2015
354750;;31/12/2015
354760;;31/12/2015
354770;Não existe tratamento;31/12/2015
354780;Não existe tratamento;31/12/2015
354790;;31/12/2015
354800;Não existe tratamento;31/12/2015
354805;;31/12/2015
354820;Não existe tratamento;31/12/2015
354830;;31/12/2015
354840;;31/12/2015
354850;"Gradeamento e desarenação; Outro";31/12/2015
354860;Não existe tratamento;31/12/2015
354870;"Reservatório de amortecimento; Gradeamento e desarenação";31/12/2015
354880;Não existe tratamento;31/12/2015
354890;;31/12/2015
354910;Reservatório de amortecimento;31/12/2015
354925;;31/12/2015
354930;Não existe tratamento;31/12/2015
354940;;31/12/2015
354950;Não existe tratamento;31/12/2015
354960;Não existe tratamento;31/12/2015
354970;Não existe tratamento;31/12/2015
354980;"Barragens; Reservatórios de qualidade; Reservatório de amortecimento";31/12/2015
354990;Não existe tratamento;31/12/2015
354995;;31/12/2015
355000;Não existe tratamento;31/12/2015
355010;Não existe tratamento;31/12/2015
355020;;31/12/2015
355030;"Reservatório de amortecimento; Outro";31/12/2015
355050;Não existe tratamento;31/12/2015
355080;Não existe tratamento;31/12/2015
355090;Não existe tratamento;31/12/2015
355100;Não existe tratamento;31/12/2015
355140;;31/12/2015
355150;Não existe tratamento;31/12/2015
355170;Não existe tratamento;31/12/2015
355180;Não existe tratamento;31/12/2015
355190;Não existe tratamento;31/12/2015
355210;Não existe tratamento;31/12/2015
355220;Não existe tratamento;31/12/2015
355230;Não existe tratamento;31/12/2015
355250;Não existe tratamento;31/12/2015
355255;Não existe tratamento;31/12/2015
355260;Não existe tratamento;31/12/2015
355270;Não existe tratamento;31/12/2015
355280;;31/12/2015
355290;Não existe tratamento;31/12/2015
355300;Não existe tratamento;31/12/2015
355310;Não existe tratamento;31/12/2015
355320;;31/12/2015
355330;Não existe tratamento;31/12/2015
355340;Não existe tratamento;31/12/2015
355350;Não existe tratamento;31/12/2015
355360;Não existe tratamento;31/12/2015
355370;;31/12/2015
355380;Não existe tratamento;31/12/2015
355390;Não existe tratamento;31/12/2015
355410;Não existe tratamento;31/12/2015
355420;Não existe tratamento;31/12/2015
355430;;31/12/2015
355440;;31/12/2015
355450;Não existe tratamento;31/12/2015
355460;Não existe tratamento;31/12/2015
355470;Não existe tratamento;31/12/2015
355480;;31/12/2015
355490;;31/12/2015
355495;Não existe tratamento;31/12/2015
355500;Não existe tratamento;31/12/2015
355510;;31/12/2015
355520;Não existe tratamento;31/12/2015
355530;Não existe tratamento;31/12/2015
355540;;31/12/2015
355550;Não existe tratamento;31/12/2015
355560;;31/12/2015
355580;;31/12/2015
355590;;31/12/2015
355600;;31/12/2015
355630;;31/12/2015
355640;;31/12/2015
355650;Não existe tratamento;31/12/2015
355660;;31/12/2015
355680;Não existe tratamento;31/12/2015
355690;Não existe tratamento;31/12/2015
355695;Não existe tratamento;31/12/2015
355700;Não existe tratamento;31/12/2015
355710;"Barragens; Reservatório de amortecimento; Gradeamento e desarenação";31/12/2015
355720;Não existe tratamento;31/12/2015
410010;;31/12/2015
410040;;31/12/2015
410050;;31/12/2015
410060;;31/12/2015
410070;Não existe tratamento;31/12/2015
410090;Não existe tratamento;31/12/2015
410105;;31/12/2015
410110;;31/12/2015
410115;;31/12/2015
410120;;31/12/2015
410140;Não existe tratamento;31/12/2015
410150;;31/12/2015
410160;;31/12/2015
410165;;31/12/2015
410185;Não existe tratamento;31/12/2015
410190;;31/12/2015
410200;Não existe tratamento;31/12/2015
410220;;31/12/2015
410230;;31/12/2015
410260;;31/12/2015
410280;;31/12/2015
410290;Não existe tratamento;31/12/2015
410300;;31/12/2015
410302;Não existe tratamento;31/12/2015
410305;Não existe tratamento;31/12/2015
410310;Não existe tratamento;31/12/2015
410315;Não existe tratamento;31/12/2015
410322;Não existe tratamento;31/12/2015
410340;;31/12/2015
410347;;31/12/2015
410350;;31/12/2015
410360;Não existe tratamento;31/12/2015
410370;Não existe tratamento;31/12/2015
410380;Não existe tratamento;31/12/2015
410400;Não existe tratamento;31/12/2015
410405;Não existe tratamento;31/12/2015
410410;Não existe tratamento;31/12/2015
410430;Não existe tratamento;31/12/2015
410440;Não existe tratamento;31/12/2015
410442;;31/12/2015
410450;Não existe tratamento;31/12/2015
410465;Não existe tratamento;31/12/2015
410480;Não existe tratamento;31/12/2015
410530;Não existe tratamento;31/12/2015
410540;Não existe tratamento;31/12/2015
410550;Não existe tratamento;31/12/2015
410560;Não existe tratamento;31/12/2015
410570;Não existe tratamento;31/12/2015
410610;Não existe tratamento;31/12/2015
410620;Não existe tratamento;31/12/2015
410650;Não existe tratamento;31/12/2015
410655;Não existe tratamento;31/12/2015
410657;Não existe tratamento;31/12/2015
410690;Reservatório de amortecimento;31/12/2015
410700;Não existe tratamento;31/12/2015
410710;;31/12/2015
410715;Não existe tratamento;31/12/2015
410720;Não existe tratamento;31/12/2015
410725;Barragens;31/12/2015
410730;Não existe tratamento;31/12/2015
410740;Não existe tratamento;31/12/2015
410753;;31/12/2015
410755;Não existe tratamento;31/12/2015
410760;;31/12/2015
410765;Não existe tratamento;31/12/2015
410770;Não existe tratamento;31/12/2015
410773;Não existe tratamento;31/12/2015
410775;Não existe tratamento;31/12/2015
410785;Não existe tratamento;31/12/2015
410790;Não existe tratamento;31/12/2015
410800;Não existe tratamento;31/12/2015
410845;;31/12/2015
410850;;31/12/2015
410855;;31/12/2015
410870;Não existe tratamento;31/12/2015
410880;Não existe tratamento;31/12/2015
410895;Não existe tratamento;31/12/2015
410900;;31/12/2015
410910;;31/12/2015
410920;Não existe tratamento;31/12/2015
410960;Não existe tratamento;31/12/2015
410970;;31/12/2015
410990;;31/12/2015
411010;Não existe tratamento;31/12/2015
411030;;31/12/2015
411040;Não existe tratamento;31/12/2015
411050;;31/12/2015
411065;;31/12/2015
411070;;31/12/2015
411080;Não existe tratamento;31/12/2015
411090;Gradeamento e desarenação;31/12/2015
411095;;31/12/2015
411110;Não existe tratamento;31/12/2015
411120;Não existe tratamento;31/12/2015
411125;;31/12/2015
411130;;31/12/2015
411140;;31/12/2015
411150;Reservatório de amortecimento;31/12/2015
411155;Não existe tratamento;31/12/2015
411180;Não existe tratamento;31/12/2015
411190;Não existe tratamento;31/12/2015
411200;Não existe tratamento;31/12/2015
411210;Não existe tratamento;31/12/2015
411220;;31/12/2015
411240;Não existe tratamento;31/12/2015
411270;Não existe tratamento;31/12/2015
411280;Não existe tratamento;31/12/2015
411290;;31/12/2015
411295;;31/12/2015
411310;;31/12/2015
411320;Não existe tratamento;31/12/2015
411330;Não existe tratamento;31/12/2015
411340;Não existe tratamento;31/12/2015
411342;Não existe tratamento;31/12/2015
411350;Reservatório de amortecimento;31/12/2015
411370;Não existe tratamento;31/12/2015
411373;Não existe tratamento;31/12/2015
411380;Não existe tratamento;31/12/2015
411400;;31/12/2015
411410;;31/12/2015
411420;;31/12/2015
411440;Não existe tratamento;31/12/2015
411450;;31/12/2015
411460;;31/12/2015
411470;;31/12/2015
411480;Não existe tratamento;31/12/2015
411520;Não existe tratamento;31/12/2015
411530;;31/12/2015
411535;Não existe tratamento;31/12/2015
411545;Não existe tratamento;31/12/2015
411560;Não existe tratamento;31/12/2015
411570;;31/12/2015
411573;;31/12/2015
411580;Não existe tratamento;31/12/2015
411585;Não existe tratamento;31/12/2015
411590;Não existe tratamento;31/12/2015
411600;Reservatório de amortecimento;31/12/2015
411605;Não existe tratamento;31/12/2015
411620;Não existe tratamento;31/12/2015
411630;Não existe tratamento;31/12/2015
411650;;31/12/2015
411660;;31/12/2015
411670;;31/12/2015
411690;Não existe tratamento;31/12/2015
411695;;31/12/2015
411705;;31/12/2015
411710;Não existe tratamento;31/12/2015
411720;Não existe tratamento;31/12/2015
411722;Não existe tratamento;31/12/2015
411725;Não existe tratamento;31/12/2015
411729;;31/12/2015
411730;"Barragens; Reservatório de amortecimento; Outro";31/12/2015
411740;Não existe tratamento;31/12/2015
411750;Não existe tratamento;31/12/2015
411790;;31/12/2015
411810;;31/12/2015
411840;Não existe tratamento;31/12/2015
411845;Não existe tratamento;31/12/2015
411860;;31/12/2015
411870;;31/12/2015
411890;Não existe tratamento;31/12/2015
411910;Não existe tratamento;31/12/2015
411915;;31/12/2015
411920;Não existe tratamento;31/12/2015
411925;Não existe tratamento;31/12/2015
411930;Não existe tratamento;31/12/2015
411950;Não existe tratamento;31/12/2015
411965;;31/12/2015
411980;Não existe tratamento;31/12/2015
411995;;31/12/2015
412000;;31/12/2015
412010;Não existe tratamento;31/12/2015
412020;;31/12/2015
412033;Não existe tratamento;31/12/2015
412050;Não existe tratamento;31/12/2015
412065;Não existe tratamento;31/12/2015
412080;Não existe tratamento;31/12/2015
412085;Não existe tratamento;31/12/2015
412090;;31/12/2015
412110;Não existe tratamento;31/12/2015
412120;Não existe tratamento;31/12/2015
412135;Não existe tratamento;31/12/2015
412160;Não existe tratamento;31/12/2015
412170;;31/12/2015
412180;Não existe tratamento;31/12/2015
412190;;31/12/2015
412200;Não existe tratamento;31/12/2015
412210;Outro;31/12/2015
412215;;31/12/2015
412230;;31/12/2015
412240;Não existe tratamento;31/12/2015
412250;Não existe tratamento;31/12/2015
412260;Não existe tratamento;31/12/2015
412280;;31/12/2015
412300;;31/12/2015
412310;Não existe tratamento;31/12/2015
412330;Não existe tratamento;31/12/2015
412370;Não existe tratamento;31/12/2015
412380;;31/12/2015
412390;;31/12/2015
412405;Não existe tratamento;31/12/2015
412410;;31/12/2015
412430;;31/12/2015
412460;;31/12/2015
412470;Não existe tratamento;31/12/2015
412500;Não existe tratamento;31/12/2015
412510;;31/12/2015
412520;Não existe tratamento;31/12/2015
412530;Reservatório de amortecimento;31/12/2015
412540;;31/12/2015
412545;;31/12/2015
412550;Não existe tratamento;31/12/2015
412555;Não existe tratamento;31/12/2015
412570;Não existe tratamento;31/12/2015
412575;Não existe tratamento;31/12/2015
412580;Não existe tratamento;31/12/2015
412590;Não existe tratamento;31/12/2015
412600;Não existe tratamento;31/12/2015
412620;Não existe tratamento;31/12/2015
412630;Não existe tratamento;31/12/2015
412635;Não existe tratamento;31/12/2015
412640;Não existe tratamento;31/12/2015
412665;;31/12/2015
412667;Não existe tratamento;31/12/2015
412680;;31/12/2015
412690;Não existe tratamento;31/12/2015
412710;Não existe tratamento;31/12/2015
412720;Não existe tratamento;31/12/2015
412750;Não existe tratamento;31/12/2015
412760;Não existe tratamento;31/12/2015
412770;Não existe tratamento;31/12/2015
412785;Não existe tratamento;31/12/2015
412790;;31/12/2015
412795;;31/12/2015
412800;;31/12/2015
412810;Não existe tratamento;31/12/2015
412820;Não existe tratamento;31/12/2015
412850;Não existe tratamento;31/12/2015
412855;Não existe tratamento;31/12/2015
412862;Reservatório de amortecimento;31/12/2015
420010;Não existe tratamento;31/12/2015
420020;Não existe tratamento;31/12/2015
420030;;31/12/2015
420040;Não existe tratamento;31/12/2015
420055;Não existe tratamento;31/12/2015
420060;;31/12/2015
420070;;31/12/2015
420080;;31/12/2015
420110;Não existe tratamento;31/12/2015
420120;;31/12/2015
420125;;31/12/2015
420127;Não existe tratamento;31/12/2015
420130;Não existe tratamento;31/12/2015
420140;Não existe tratamento;31/12/2015
420165;Não existe tratamento;31/12/2015
420170;;31/12/2015
420180;Não existe tratamento;31/12/2015
420190;Não existe tratamento;31/12/2015
420195;Não existe tratamento;31/12/2015
420208;Não existe tratamento;31/12/2015
420209;;31/12/2015
420213;;31/12/2015
420215;Não existe tratamento;31/12/2015
420220;Não existe tratamento;31/12/2015
420230;Não existe tratamento;31/12/2015
420240;Não existe tratamento;31/12/2015
420245;Não existe tratamento;31/12/2015
420250;Não existe tratamento;31/12/2015
420253;Não existe tratamento;31/12/2015
420257;Não existe tratamento;31/12/2015
420260;Não existe tratamento;31/12/2015
420270;Não existe tratamento;31/12/2015
420285;Não existe tratamento;31/12/2015
420287;Não existe tratamento;31/12/2015
420290;;31/12/2015
420315;;31/12/2015
420320;;31/12/2015
420330;Não existe tratamento;31/12/2015
420340;Não existe tratamento;31/12/2015
420360;Não existe tratamento;31/12/2015
420370;Não existe tratamento;31/12/2015
420380;;31/12/2015
420390;Não existe tratamento;31/12/2015
420395;Não existe tratamento;31/12/2015
420415;Não existe tratamento;31/12/2015
420425;Não existe tratamento;31/12/2015
420430;Barragens;31/12/2015
420435;Não existe tratamento;31/12/2015
420440;;31/12/2015
420445;Não existe tratamento;31/12/2015
420450;Não existe tratamento;31/12/2015
420470;Não existe tratamento;31/12/2015
420475;Não existe tratamento;31/12/2015
420480;Não existe tratamento;31/12/2015
420490;Não existe tratamento;31/12/2015
420500;Não existe tratamento;31/12/2015
420510;Não existe tratamento;31/12/2015
420515;;31/12/2015
420519;Não existe tratamento;31/12/2015
420520;Não existe tratamento;31/12/2015
420535;Não existe tratamento;31/12/2015
420540;;31/12/2015
420543;Não existe tratamento;31/12/2015
420545;Não existe tratamento;31/12/2015
420550;Não existe tratamento;31/12/2015
420555;;31/12/2015
420570;;31/12/2015
420620;;31/12/2015
420630;Não existe tratamento;31/12/2015
420640;Não existe tratamento;31/12/2015
420670;;31/12/2015
420680;Não existe tratamento;31/12/2015
420690;Não existe tratamento;31/12/2015
420700;Não existe tratamento;31/12/2015
420710;Não existe tratamento;31/12/2015
420740;Não existe tratamento;31/12/2015
420757;;31/12/2015
420765;;31/12/2015
420768;;31/12/2015
420770;Não existe tratamento;31/12/2015
420780;;31/12/2015
420790;Não existe tratamento;31/12/2015
420800;Não existe tratamento;31/12/2015
420820;;31/12/2015
420840;Não existe tratamento;31/12/2015
420845;;31/12/2015
420850;Não existe tratamento;31/12/2015
420860;;31/12/2015
420870;;31/12/2015
420890;Não existe tratamento;31/12/2015
420895;Não existe tratamento;31/12/2015
420910;Não existe tratamento;31/12/2015
420915;Não existe tratamento;31/12/2015
420917;;31/12/2015
420930;;31/12/2015
420960;;31/12/2015
420970;Não existe tratamento;31/12/2015
420980;;31/12/2015
421003;Não existe tratamento;31/12/2015
421010;Não existe tratamento;31/12/2015
421040;Não existe tratamento;31/12/2015
421055;;31/12/2015
421060;Não existe tratamento;31/12/2015
421070;;31/12/2015
421080;Não existe tratamento;31/12/2015
421085;Não existe tratamento;31/12/2015
421090;Não existe tratamento;31/12/2015
421100;Não existe tratamento;31/12/2015
421105;Não existe tratamento;31/12/2015
421110;Não existe tratamento;31/12/2015
421120;Não existe tratamento;31/12/2015
421125;;31/12/2015
421130;;31/12/2015
421140;;31/12/2015
421145;Não existe tratamento;31/12/2015
421150;Não existe tratamento;31/12/2015
421160;;31/12/2015
421165;Não existe tratamento;31/12/2015
421170;;31/12/2015
421175;Não existe tratamento;31/12/2015
421180;;31/12/2015
421187;;31/12/2015
421189;Não existe tratamento;31/12/2015
421200;Não existe tratamento;31/12/2015
421220;Não existe tratamento;31/12/2015
421227;;31/12/2015
421230;Não existe tratamento;31/12/2015
421280;Não existe tratamento;31/12/2015
421290;Não existe tratamento;31/12/2015
421310;Não existe tratamento;31/12/2015
421330;;31/12/2015
421335;;31/12/2015
421350;Não existe tratamento;31/12/2015
421360;Não existe tratamento;31/12/2015
421370;Não existe tratamento;31/12/2015
421380;Não existe tratamento;31/12/2015
421390;;31/12/2015
421400;;31/12/2015
421410;Não existe tratamento;31/12/2015
421420;Não existe tratamento;31/12/2015
421440;;31/12/2015
421450;;31/12/2015
421460;Não existe tratamento;31/12/2015
421470;Não existe tratamento;31/12/2015
421480;;31/12/2015
421490;;31/12/2015
421500;;31/12/2015
421505;Não existe tratamento;31/12/2015
421507;Não existe tratamento;31/12/2015
421510;;31/12/2015
421520;Não existe tratamento;31/12/2015
421530;Não existe tratamento;31/12/2015
421550;Não existe tratamento;31/12/2015
421555;Não existe tratamento;31/12/2015
421560;Não existe tratamento;31/12/2015
421565;Não existe tratamento;31/12/2015
421567;;31/12/2015
421569;Não existe tratamento;31/12/2015
421575;;31/12/2015
421580;Não existe tratamento;31/12/2015
421590;Não existe tratamento;31/12/2015
421610;Não existe tratamento;31/12/2015
421620;;31/12/2015
421625;;31/12/2015
421635;Não existe tratamento;31/12/2015
421640;Não existe tratamento;31/12/2015
421650;Não existe tratamento;31/12/2015
421670;Não existe tratamento;31/12/2015
421690;Não existe tratamento;31/12/2015
421700;Não existe tratamento;31/12/2015
421710;;31/12/2015
421720;Não existe tratamento;31/12/2015
421725;Não existe tratamento;31/12/2015
421730;;31/12/2015
421740;Não existe tratamento;31/12/2015
421750;Não existe tratamento;31/12/2015
421755;Não existe tratamento;31/12/2015
421760;;31/12/2015
421770;Não existe tratamento;31/12/2015
421775;Não existe tratamento;31/12/2015
421780;Não existe tratamento;31/12/2015
421790;;31/12/2015
421795;Não existe tratamento;31/12/2015
421800;Não existe tratamento;31/12/2015
421810;Não existe tratamento;31/12/2015
421820;Não existe tratamento;31/12/2015
421825;;31/12/2015
421835;Não existe tratamento;31/12/2015
421840;;31/12/2015
421850;;31/12/2015
421875;;31/12/2015
421880;Não existe tratamento;31/12/2015
421885;Não existe tratamento;31/12/2015
421890;Não existe tratamento;31/12/2015
421900;Não existe tratamento;31/12/2015
421910;Não existe tratamento;31/12/2015
421917;;31/12/2015
421920;Não existe tratamento;31/12/2015
421930;Não existe tratamento;31/12/2015
430003;Não existe tratamento;31/12/2015
430005;;31/12/2015
430010;;31/12/2015
430020;Não existe tratamento;31/12/2015
430030;Não existe tratamento;31/12/2015
430040;;31/12/2015
430047;Não existe tratamento;31/12/2015
430050;;31/12/2015
430055;;31/12/2015
430057;Não existe tratamento;31/12/2015
430070;;31/12/2015
430087;;31/12/2015
430100;Não existe tratamento;31/12/2015
430107;Não existe tratamento;31/12/2015
430140;;31/12/2015
430155;Não existe tratamento;31/12/2015
430163;Não existe tratamento;31/12/2015
430165;;31/12/2015
430170;Não existe tratamento;31/12/2015
430175;Não existe tratamento;31/12/2015
430180;;31/12/2015
430187;Não existe tratamento;31/12/2015
430195;Não existe tratamento;31/12/2015
430200;Não existe tratamento;31/12/2015
430210;;31/12/2015
430215;;31/12/2015
430220;Não existe tratamento;31/12/2015
430223;;31/12/2015
430225;;31/12/2015
430230;Não existe tratamento;31/12/2015
430235;Não existe tratamento;31/12/2015
430245;;31/12/2015
430258;;31/12/2015
430265;Não existe tratamento;31/12/2015
430270;;31/12/2015
430280;Não existe tratamento;31/12/2015
430290;Não existe tratamento;31/12/2015
430300;Não existe tratamento;31/12/2015
430320;Não existe tratamento;31/12/2015
430330;Não existe tratamento;31/12/2015
430340;Não existe tratamento;31/12/2015
430350;Barragens;31/12/2015
430355;Não existe tratamento;31/12/2015
430360;Não existe tratamento;31/12/2015
430367;;31/12/2015
430370;Não existe tratamento;31/12/2015
430380;;31/12/2015
430390;Não existe tratamento;31/12/2015
430400;;31/12/2015
430420;;31/12/2015
430430;;31/12/2015
430450;Não existe tratamento;31/12/2015
430460;;31/12/2015
430461;Não existe tratamento;31/12/2015
430466;;31/12/2015
430467;Não existe tratamento;31/12/2015
430468;Não existe tratamento;31/12/2015
430469;Não existe tratamento;31/12/2015
430470;;31/12/2015
430471;Não existe tratamento;31/12/2015
430480;Não existe tratamento;31/12/2015
430495;Não existe tratamento;31/12/2015
430500;Não existe tratamento;31/12/2015
430510;"Barragens; Gradeamento e desarenação; Decantação e/ou floculação; Desinfecção química";31/12/2015
430511;Não existe tratamento;31/12/2015
430513;;31/12/2015
430520;;31/12/2015
430530;;31/12/2015
430535;Não existe tratamento;31/12/2015
430537;Desinfecção química;31/12/2015
430544;Não existe tratamento;31/12/2015
430550;;31/12/2015
430558;Não existe tratamento;31/12/2015
430560;Não existe tratamento;31/12/2015
430580;;31/12/2015
430583;Não existe tratamento;31/12/2015
430585;Não existe tratamento;31/12/2015
430587;Não existe tratamento;31/12/2015
430593;;31/12/2015
430595;Não existe tratamento;31/12/2015
430600;;31/12/2015
430605;Não existe tratamento;31/12/2015
430613;Não existe tratamento;31/12/2015
430620;;31/12/2015
430632;;31/12/2015
430637;;31/12/2015
430640;Não existe tratamento;31/12/2015
430645;;31/12/2015
430650;Não existe tratamento;31/12/2015
430670;;31/12/2015
430673;"Reservatório de amortecimento; Decantação e/ou floculação";31/12/2015
430675;;31/12/2015
430676;Não existe tratamento;31/12/2015
430680;Não existe tratamento;31/12/2015
430692;;31/12/2015
430695;Não existe tratamento;31/12/2015
430700;Não existe tratamento;31/12/2015
430710;Não existe tratamento;31/12/2015
430720;Não existe tratamento;31/12/2015
430730;Não existe tratamento;31/12/2015
430745;Não existe tratamento;31/12/2015
430755;Não existe tratamento;31/12/2015
430760;Não existe tratamento;31/12/2015
430770;Não existe tratamento;31/12/2015
430780;;31/12/2015
430781;Não existe tratamento;31/12/2015
430786;Não existe tratamento;31/12/2015
430790;Não existe tratamento;31/12/2015
430800;Não existe tratamento;31/12/2015
430810;Não existe tratamento;31/12/2015
430820;Não existe tratamento;31/12/2015
430825;;31/12/2015
430845;;31/12/2015
430860;Barragens;31/12/2015
430865;;31/12/2015
430885;;31/12/2015
430890;Não existe tratamento;31/12/2015
430900;Não existe tratamento;31/12/2015
430905;Não existe tratamento;31/12/2015
430920;;31/12/2015
430930;Outro;31/12/2015
430940;Não existe tratamento;31/12/2015
430950;;31/12/2015
430955;Não existe tratamento;31/12/2015
430970;;31/12/2015
430980;Não existe tratamento;31/12/2015
430990;Não existe tratamento;31/12/2015
430995;Desinfecção química;31/12/2015
431000;Não existe tratamento;31/12/2015
431010;Reservatório de amortecimento;31/12/2015
431020;;31/12/2015
431030;;31/12/2015
431036;Não existe tratamento;31/12/2015
431040;;31/12/2015
431041;;31/12/2015
431043;Não existe tratamento;31/12/2015
431046;Não existe tratamento;31/12/2015
431050;Não existe tratamento;31/12/2015
431053;Gradeamento e desarenação;31/12/2015
431055;Não existe tratamento;31/12/2015
431057;Não existe tratamento;31/12/2015
431065;Não existe tratamento;31/12/2015
431070;;31/12/2015
431075;Não existe tratamento;31/12/2015
431080;Não existe tratamento;31/12/2015
431085;Não existe tratamento;31/12/2015
431087;Não existe tratamento;31/12/2015
431100;Não existe tratamento;31/12/2015
431110;;31/12/2015
431115;Não existe tratamento;31/12/2015
431120;Não existe tratamento;31/12/2015
431123;Não existe tratamento;31/12/2015
431125;Não existe tratamento;31/12/2015
431127;;31/12/2015
431130;Não existe tratamento;31/12/2015
431140;Não existe tratamento;31/12/2015
431150;Não existe tratamento;31/12/2015
431160;Não existe tratamento;31/12/2015
431162;Não existe tratamento;31/12/2015
431164;Não existe tratamento;31/12/2015
431171;;31/12/2015
431173;;31/12/2015
431175;Não existe tratamento;31/12/2015
431177;Não existe tratamento;31/12/2015
431179;Não existe tratamento;31/12/2015
431190;Não existe tratamento;31/12/2015
431200;Não existe tratamento;31/12/2015
431205;Não existe tratamento;31/12/2015
431213;;31/12/2015
431215;;31/12/2015
431217;Não existe tratamento;31/12/2015
431220;Não existe tratamento;31/12/2015
431225;Não existe tratamento;31/12/2015
431235;;31/12/2015
431237;Não existe tratamento;31/12/2015
431238;Não existe tratamento;31/12/2015
431240;Não existe tratamento;31/12/2015
431242;;31/12/2015
431247;Não existe tratamento;31/12/2015
431250;Não existe tratamento;31/12/2015
431260;Não existe tratamento;31/12/2015
431261;Não existe tratamento;31/12/2015
431262;;31/12/2015
431265;Não existe tratamento;31/12/2015
431267;Não existe tratamento;31/12/2015
431270;Não existe tratamento;31/12/2015
431275;;31/12/2015
431290;Não existe tratamento;31/12/2015
431300;Não existe tratamento;31/12/2015
431301;Não existe tratamento;31/12/2015
431303;Não existe tratamento;31/12/2015
431306;;31/12/2015
431310;;31/12/2015
431320;Não existe tratamento;31/12/2015
431330;Não existe tratamento;31/12/2015
431333;Não existe tratamento;31/12/2015
431335;Não existe tratamento;31/12/2015
431339;Não existe tratamento;31/12/2015
431340;Não existe tratamento;31/12/2015
431342;;31/12/2015
431344;;31/12/2015
431349;Não existe tratamento;31/12/2015
431360;Não existe tratamento;31/12/2015
431365;Não existe tratamento;31/12/2015
431370;Não existe tratamento;31/12/2015
431380;Não existe tratamento;31/12/2015
431390;;31/12/2015
431395;;31/12/2015
431400;Não existe tratamento;31/12/2015
431402;Não existe tratamento;31/12/2015
431403;"Reservatórios de qualidade; Desinfecção química";31/12/2015
431405;Não existe tratamento;31/12/2015
431407;Não existe tratamento;31/12/2015
431410;Não existe tratamento;31/12/2015
431415;;31/12/2015
431417;;31/12/2015
431430;;31/12/2015
431445;;31/12/2015
431449;Não existe tratamento;31/12/2015
431454;Não existe tratamento;31/12/2015
431455;;31/12/2015
431460;Não existe tratamento;31/12/2015
431475;Não existe tratamento;31/12/2015
431478;;31/12/2015
431480;;31/12/2015
431490;Reservatório de amortecimento;31/12/2015
431500;;31/12/2015
431505;Não existe tratamento;31/12/2015
431507;Não existe tratamento;31/12/2015
431510;;31/12/2015
431513;Não existe tratamento;31/12/2015
431514;;31/12/2015
431515;;31/12/2015
431517;Não existe tratamento;31/12/2015
431520;;31/12/2015
431531;Não existe tratamento;31/12/2015
431532;Não existe tratamento;31/12/2015
431535;Não existe tratamento;31/12/2015
431540;Não existe tratamento;31/12/2015
431545;;31/12/2015
431550;Não existe tratamento;31/12/2015
431555;;31/12/2015
431560;Não existe tratamento;31/12/2015
431570;Não existe tratamento;31/12/2015
431575;Não existe tratamento;31/12/2015
431580;;31/12/2015
431600;Não existe tratamento;31/12/2015
431610;;31/12/2015
431620;Não existe tratamento;31/12/2015
431640;Não existe tratamento;31/12/2015
431643;Não existe tratamento;31/12/2015
431645;Não existe tratamento;31/12/2015
431650;Não existe tratamento;31/12/2015
431660;Não existe tratamento;31/12/2015
431670;Não existe tratamento;31/12/2015
431680;;31/12/2015
431690;Não existe tratamento;31/12/2015
431697;;31/12/2015
431700;Não existe tratamento;31/12/2015
431710;Não existe tratamento;31/12/2015
431720;Não existe tratamento;31/12/2015
431725;;31/12/2015
431730;Não existe tratamento;31/12/2015
431750;;31/12/2015
431755;;31/12/2015
431760;Não existe tratamento;31/12/2015
431780;Não existe tratamento;31/12/2015
431790;Não existe tratamento;31/12/2015
431795;;31/12/2015
431800;Barragens;31/12/2015
431805;Não existe tratamento;31/12/2015
431810;Não existe tratamento;31/12/2015
431840;Não existe tratamento;31/12/2015
431842;Não existe tratamento;31/12/2015
431843;Não existe tratamento;31/12/2015
431844;Não existe tratamento;31/12/2015
431845;Não existe tratamento;31/12/2015
431846;Não existe tratamento;31/12/2015
431849;Não existe tratamento;31/12/2015
431850;;31/12/2015
431860;;31/12/2015
431861;Não existe tratamento;31/12/2015
431862;Não existe tratamento;31/12/2015
431890;;31/12/2015
431900;Não existe tratamento;31/12/2015
431912;;31/12/2015
431920;;31/12/2015
431930;Não existe tratamento;31/12/2015
431935;Não existe tratamento;31/12/2015
431936;Não existe tratamento;31/12/2015
431937;Não existe tratamento;31/12/2015
431940;Não existe tratamento;31/12/2015
431960;Não existe tratamento;31/12/2015
431970;;31/12/2015
431971;Não existe tratamento;31/12/2015
431973;Não existe tratamento;31/12/2015
431975;Não existe tratamento;31/12/2015
431980;Não existe tratamento;31/12/2015
431990;Não existe tratamento;31/12/2015
432000;Não existe tratamento;31/12/2015
432020;Não existe tratamento;31/12/2015
432023;;31/12/2015
432030;;31/12/2015
432032;Não existe tratamento;31/12/2015
432035;;31/12/2015
432040;Não existe tratamento;31/12/2015
432045;;31/12/2015
432050;Não existe tratamento;31/12/2015
432055;Não existe tratamento;31/12/2015
432057;;31/12/2015
432065;Não existe tratamento;31/12/2015
432067;Não existe tratamento;31/12/2015
432080;;31/12/2015
432085;Não existe tratamento;31/12/2015
432100;Não existe tratamento;31/12/2015
432110;Não existe tratamento;31/12/2015
432120;Não existe tratamento;31/12/2015
432130;Não existe tratamento;31/12/2015
432132;;31/12/2015
432135;Não existe tratamento;31/12/2015
432140;Não existe tratamento;31/12/2015
432143;Não existe tratamento;31/12/2015
432145;Não existe tratamento;31/12/2015
432146;;31/12/2015
432147;;31/12/2015
432149;;31/12/2015
432150;Não existe tratamento;31/12/2015
432160;;31/12/2015
432162;Não existe tratamento;31/12/2015
432163;;31/12/2015
432166;Não existe tratamento;31/12/2015
432170;Não existe tratamento;31/12/2015
432180;Não existe tratamento;31/12/2015
432183;;31/12/2015
432185;Não existe tratamento;31/12/2015
432195;Não existe tratamento;31/12/2015
432210;;31/12/2015
432220;Não existe tratamento;31/12/2015
432225;Não existe tratamento;31/12/2015
432230;Não existe tratamento;31/12/2015
432237;;31/12/2015
432250;;31/12/2015
432253;Não existe tratamento;31/12/2015
432260;Não existe tratamento;31/12/2015
432270;Não existe tratamento;31/12/2015
432280;;31/12/2015
432285;Não existe tratamento;31/12/2015
432310;;31/12/2015
432320;;31/12/2015
432330;Não existe tratamento;31/12/2015
432335;Não existe tratamento;31/12/2015
432340;Não existe tratamento;31/12/2015
432350;Não existe tratamento;31/12/2015
432360;Não existe tratamento;31/12/2015
432370;Não existe tratamento;31/12/2015
432377;Não existe tratamento;31/12/2015
500025;Não existe tratamento;31/12/2015
500090;;31/12/2015
500100;Não existe tratamento;31/12/2015
500124;;31/12/2015
500190;Não existe tratamento;31/12/2015
500200;Reservatório de amortecimento;31/12/2015
500220;Não existe tratamento;31/12/2015
500230;Não existe tratamento;31/12/2015
500240;;31/12/2015
500270;"Barragens; Reservatório de amortecimento";31/12/2015
500280;Não existe tratamento;31/12/2015
500295;Não existe tratamento;31/12/2015
500310;Não existe tratamento;31/12/2015
500320;Não existe tratamento;31/12/2015
500325;Não existe tratamento;31/12/2015
500345;;31/12/2015
500350;Não existe tratamento;31/12/2015
500370;;31/12/2015
500375;Reservatório de amortecimento;31/12/2015
500380;;31/12/2015
500390;;31/12/2015
500410;Não existe tratamento;31/12/2015
500430;Reservatório de amortecimento;31/12/2015
500440;Não existe tratamento;31/12/2015
500460;Não existe tratamento;31/12/2015
500470;Reservatório de amortecimento;31/12/2015
500490;Não existe tratamento;31/12/2015
500500;"Reservatórios de qualidade; Desinfecção química";31/12/2015
500510;;31/12/2015
500520;Não existe tratamento;31/12/2015
500540;Não existe tratamento;31/12/2015
500570;Não existe tratamento;31/12/2015
500620;Não existe tratamento;31/12/2015
500625;Não existe tratamento;31/12/2015
500627;Reservatórios de qualidade;31/12/2015
500630;Não existe tratamento;31/12/2015
500690;Não existe tratamento;31/12/2015
500740;;31/12/2015
500755;;31/12/2015
500769;Não existe tratamento;31/12/2015
500770;Não existe tratamento;31/12/2015
500793;Não existe tratamento;31/12/2015
500797;Não existe tratamento;31/12/2015
500800;;31/12/2015
500830;Não existe tratamento;31/12/2015
500840;Não existe tratamento;31/12/2015
510020;Não existe tratamento;31/12/2015
510030;Não existe tratamento;31/12/2015
510035;Não existe tratamento;31/12/2015
510180;Não existe tratamento;31/12/2015
510250;Não existe tratamento;31/12/2015
510263;Não existe tratamento;31/12/2015
510267;Não existe tratamento;31/12/2015
510268;Não existe tratamento;31/12/2015
510285;Não existe tratamento;31/12/2015
510305;;31/12/2015
510320;Reservatório de amortecimento;31/12/2015
510330;Não existe tratamento;31/12/2015
510335;Não existe tratamento;31/12/2015
510336;Não existe tratamento;31/12/2015
510337;Não existe tratamento;31/12/2015
510340;Não existe tratamento;31/12/2015
510350;;31/12/2015
510370;Não existe tratamento;31/12/2015
510380;Não existe tratamento;31/12/2015
510450;;31/12/2015
510452;Não existe tratamento;31/12/2015
510454;Não existe tratamento;31/12/2015
510480;;31/12/2015
510525;Não existe tratamento;31/12/2015
510550;;31/12/2015
510558;Não existe tratamento;31/12/2015
510560;Não existe tratamento;31/12/2015
510562;;31/12/2015
510600;Não existe tratamento;31/12/2015
510615;Não existe tratamento;31/12/2015
510618;Não existe tratamento;31/12/2015
510619;Não existe tratamento;31/12/2015
510620;Não existe tratamento;31/12/2015
510624;Não existe tratamento;31/12/2015
510625;Não existe tratamento;31/12/2015
510626;Não existe tratamento;31/12/2015
510627;Não existe tratamento;31/12/2015
510629;Não existe tratamento;31/12/2015
510642;;31/12/2015
510675;Não existe tratamento;31/12/2015
510680;;31/12/2015
510706;;31/12/2015
510710;;31/12/2015
510715;;31/12/2015
510720;Não existe tratamento;31/12/2015
510724;Não existe tratamento;31/12/2015
510757;;31/12/2015
510774;;31/12/2015
510775;Não existe tratamento;31/12/2015
510787;Reservatório de amortecimento;31/12/2015
510790;;31/12/2015
510794;;31/12/2015
510795;;31/12/2015
510800;Não existe tratamento;31/12/2015
510805;;31/12/2015
510890;Não existe tratamento;31/12/2015
510895;Não existe tratamento;31/12/2015
520005;;31/12/2015
520020;Não existe tratamento;31/12/2015
520025;Não existe tratamento;31/12/2015
520060;;31/12/2015
520080;Não existe tratamento;31/12/2015
520085;;31/12/2015
520110;Não existe tratamento;31/12/2015
520120;Não existe tratamento;31/12/2015
520150;;31/12/2015
520215;;31/12/2015
520250;Não existe tratamento;31/12/2015
520320;;31/12/2015
520340;;31/12/2015
520393;;31/12/2015
520396;;31/12/2015
520400;Não existe tratamento;31/12/2015
520430;Não existe tratamento;31/12/2015
520455;Não existe tratamento;31/12/2015
520465;Não existe tratamento;31/12/2015
520485;;31/12/2015
520540;Não existe tratamento;31/12/2015
520547;Não existe tratamento;31/12/2015
520590;Não existe tratamento;31/12/2015
520735;;31/12/2015
520740;Não existe tratamento;31/12/2015
520750;Não existe tratamento;31/12/2015
520800;Não existe tratamento;31/12/2015
520850;;31/12/2015
520940;Não existe tratamento;31/12/2015
520945;Não existe tratamento;31/12/2015
520970;Não existe tratamento;31/12/2015
520980;;31/12/2015
520990;;31/12/2015
521040;;31/12/2015
521060;Não existe tratamento;31/12/2015
521100;;31/12/2015
521130;;31/12/2015
521160;Reservatórios de qualidade;31/12/2015
521210;;31/12/2015
521225;;31/12/2015
521280;;31/12/2015
521310;Não existe tratamento;31/12/2015
521385;;31/12/2015
521390;;31/12/2015
521400;;31/12/2015
521410;;31/12/2015
521470;Não existe tratamento;31/12/2015
521480;;31/12/2015
521483;Não existe tratamento;31/12/2015
521487;;31/12/2015
521520;;31/12/2015
521523;Não existe tratamento;31/12/2015
521540;Não existe tratamento;31/12/2015
521550;Não existe tratamento;31/12/2015
521570;Não existe tratamento;31/12/2015
521600;;31/12/2015
521640;;31/12/2015
521740;Não existe tratamento;31/12/2015
521770;;31/12/2015
521800;;31/12/2015
521805;Não existe tratamento;31/12/2015
521839;Não existe tratamento;31/12/2015
521910;Não existe tratamento;31/12/2015
521930;Não existe tratamento;31/12/2015
521940;;31/12/2015
521950;Não existe tratamento;31/12/2015
521975;;31/12/2015
521980;Não existe tratamento;31/12/2015
521990;;31/12/2015
522010;;31/12/2015
522015;Não existe tratamento;31/12/2015
522020;Não existe tratamento;31/12/2015
522026;;31/12/2015
522028;;31/12/2015
522060;Não existe tratamento;31/12/2015
522068;;31/12/2015
522119;Barragens;31/12/2015
522140;Não existe tratamento;31/12/2015
522155;;31/12/2015
522157;;31/12/2015
522200;Não existe tratamento;31/12/2015
522220;;31/12/2015
530010;"Reservatórios de qualidade; Reservatório de amortecimento";31/12/2015
